exp(in months),salary(in thousands)
-0.902540909737136,-1.153312422071497
-1.047874554655409,-1.7022917954800865
0.021313164662385635,-0.40197161435373646
-0.8089844078008539,-0.6608942921887219
0.18179135262607196,-0.40208680730721724
0.6324755068982211,0.705915479101068
-1.3733280822098903,-1.292112713651104
0.4330596373683405,0.7277600912901837
0.7667124931234627,0.6003617063511586
0.08214258812721908,0.6359907852814407
1.7615948948404438,1.3029496992535128
0.6932763320363259,-0.4464784070155061
0.9843193142736784,1.4508299180408095
0.15568343242622598,0.022643114491981906
-0.045492986970953456,0.15759384383028646
1.2352163414771757,0.6569319260404204
-0.2765626912716121,-0.07679864256420647
-0.23681487620069963,-0.29809244102798443
-1.1499274675442157,-0.656059197897499
-0.33328338924068684,-0.6422967807106295
-0.06048378146890884,-0.11350065260305257
0.16534886666458273,-0.1278896660846783
-0.37130739627669224,0.24691671250208655
-0.7004795070655132,-0.9517715717842224
-0.1347671387187527,-0.5072366773837055
0.8903002152037556,1.0314829910562415
2.0989833514273757,0.8092293838386707
-0.7538631835539602,-1.277319993302938
-0.8772040164334235,-0.9930186524413912
0.6176176485339437,0.8563142468756725
0.6378974474003337,0.7355280668599642
-0.8984325587748653,0.2958591962552447
-0.5517667811488022,-1.1130472327412064
0.08629544302016906,-0.16220425184685422
1.0074364330239363,0.7485824645317442
0.13453263859812145,0.3387789539497713
-0.5499177113431064,0.5405309727402076
0.4157579775304872,0.5844120191845347
-1.1941919513706634,-1.690931429250491
-1.3491883826656652,-0.9040998699058328
0.26879667142809427,-0.17817118726738682
-0.4907287714181395,0.47870676800638406
-1.7857459087899579,-0.9185854533462029
-1.0365003901492285,-1.0889944148216613
1.1850657231629946,1.8682794571950965
-0.7601608353310271,-0.551003044226657
0.8999627497475334,-0.4840110516537926
1.963226256645072,2.955031718978752
-0.6517477755831037,-0.519055055344966
-2.434497995549698,-0.9085160743785183
-0.5717331526653113,0.5387254695999549
0.9447639487913434,1.011298749381192
0.10374783960527101,0.28444961860562634
0.86790083451887,1.6753723404898198
0.2836859479044866,0.6727524189073215
-0.09699917129480555,0.3797579073410089
0.13533978587443002,0.1945916266084943
-0.8653488371703079,-0.10000519231897156
0.656036899565377,1.4386399840589117
0.9694909491696628,0.6139023941794232
-1.043666696220808,-1.557201534719065
-0.04748247621018748,-1.3545896007873945
0.9171061504344217,-0.019600498404218063
-0.5971804895314505,-0.30094908575075097
-1.6224419532722747,-1.8180613051348276
-1.5773114795349594,-1.2192181909706572
0.36488309384664575,0.8070376796678895
0.5790822747255506,0.24877090503529983
-0.2515861342766976,-0.7210644951094017
-2.162769865113256,-2.0621517483602347
1.2221793110490764,-0.20966003103156503
-0.710756544462268,-1.132148855641135
2.293995393151511,2.054214825672473
-1.4048175814525892,-1.7355169293591317
0.23649882152825097,-0.6733144197002346
-1.0856657023170884,-0.6552628232734424
-0.12657019893397783,-0.8359569671321081
-0.6389799739324081,-0.46459416937179526
-0.2047886050767607,-0.7470083216841653
1.0186641516179498,0.8153762956726597
1.3847585978702635,1.4588218315032935
0.5906817151236479,0.48716563271540975
0.2853964818860605,-0.11120991406217945
0.2048060945510777,0.6106161466782557
0.5614651337901716,0.8437785732339265
-0.8117658772669127,-0.28041498720500635
2.3554715019605594,3.2306605226284666
0.6176425433099977,0.18355193343261367
0.08809470220391102,-0.8893490346855011
-0.5005814610736522,-0.5405410813846101
1.3221334086459098,0.8744967966896495
-1.7206644479507853,-1.980342519951767
2.063219525037374,1.1744369464068072
1.1489554605447931,1.684687774044071
2.3477212731728954,2.3170749312355783
-0.6910553564167806,0.03517518423933864
-0.44638243615855794,0.2356445213351217
0.07908627181359792,0.18392061673183904
0.7880858230030608,0.5445056769304454
-0.4551805997589598,0.7786241630045052
-0.2699455108195823,-0.8573067400418255
-1.7017138305179782,-1.4433411336686361
-1.3823685871458196,-1.6466721341003172
-0.9625819806055181,-1.044821322228778
0.43005557245287296,1.4467516742106756
0.9007817153635445,-0.3008565976797089
-0.40864859856356506,-1.3931674016463833
0.29983586198091444,0.523617391581835
-2.638985675454704,-2.6983466020889013
0.06194914051759642,0.39430720382140244
0.8006439606113416,1.5071517184379208
0.4867910030574088,0.1150883768734061
-0.35020938256998335,-0.9920826522543281
-1.342434508338835,-0.3108749697359759
-1.3471930142574482,-0.8714764079873705
0.9196234274116253,0.04996892311622889
0.5036555901285508,1.0458135236519583
-0.29801364972878863,0.019490117416590666
0.5305419442653838,1.7865050149724804
-1.9060012087346854,-1.6610667119870781
-0.17770071961873296,-0.34868756575431903
0.5569218351092315,1.0731732033083428
-0.03049160318907782,0.30836489198932043
-0.48122919030851097,-1.0027014871630104
-0.3868124372599084,0.5343376389870129
0.059485422933155084,0.53901739518345
-0.2994509838471832,-0.48746918259819016
2.481311529693016,2.318359504845513
-0.019533278876207545,-0.2756094373297522
0.01112217654293252,-0.5963200892537819
0.30607652465605945,0.1959137296271657
-0.7159733364078816,-0.32921947964946274
0.33984297694702836,-0.3352187989063873
-2.023286609667619,-3.165596055332382
-0.5830390678930742,-0.7384809976048957
-1.7144773259996573,-2.127719264189908
-0.23836998377500626,0.12603545962042298
-2.5914706613752876,-1.0317860205594316
1.281718293267192,-0.06718986842266328
-1.2289243508321084,-0.4704287738412585
-0.9818114398753753,0.3002780212424209
0.6038524298298082,1.336102368910254
-0.00959774060404688,-0.019615633455427637
1.2117064492464957,-0.11291059865478291
0.12179843679852084,0.007852073722557569
-0.30718618765242733,-0.2170138423107519
-0.7608486003650436,-0.5081667641694134
-0.2029439771991485,-0.35332445966777276
-0.29405755587641663,-0.5834951313476043
1.0847075776961193,0.6947177567975026
0.5801333446957312,1.046651523113813
-0.7133777751080325,-0.6918956833166772
1.2893203626751537,0.7472334898989585
-1.1628261328223795,-1.2266958385839042
-0.8354771358982654,-0.6199038411537651
-0.5585734091210315,-0.8807001532383352
1.549152962310138,2.0258850067044447
0.8111453379520056,0.5190418314066095
-1.7842010899041258,-1.8969532627816483
0.8553658562761433,0.24889447850155136
0.190815359987206,-0.017264487880931278
0.004518183959653225,-0.4920958496274925
-1.0399528611426887,0.0602621918312115
0.7394436228609746,1.0608021132980316
-0.13461360958192248,-0.48135619752188075
0.9216719185436171,0.8134570378275167
-2.3788933581275997,-2.5001164220999113
0.20902335037213765,0.6303602313474784
0.25745938292456055,-0.930907662629129
0.7923085745190424,0.46266032902281695
-0.8206508277712075,-0.8475750184091014
0.3409258448758504,-0.0703566218197628
-0.06512283665804303,-0.24958580332633867
-0.10372432172131986,0.006686863736692303
0.6214969859806619,0.38215597698079806
0.6640206120842227,0.2378332550226923
-0.3080557413349433,-0.26660547397769924
-0.35551089979277917,0.29244296293420374
-1.3173159777219898,-0.7774624990313371
-0.18787250967599614,-0.46384457144991503
1.2095716394846519,1.098017207842703
-1.1750351915001327,-0.8393219139273347
-1.4761780870851235,-1.338218151178057
-1.6082477613717856,-1.4372229881423544
-1.298238140663962,-0.8047978349323064
-0.4701021668475246,0.09917728239167815
2.0811650539068114,1.8928756760233296
-1.8024586776173865,-0.6292081362132727
-0.8388270488311306,-0.12657800103376765
0.5212184103424774,0.6919033673807882
-0.8896990671285049,-0.6029493840887522
2.1999858798098346,1.726883101434067
-1.016182407972456,-0.8349724921800824
-0.6765696947838314,-0.1569454882474055
1.3350576338417073,0.8356928978687831
-1.5178066136120276,-2.009444527450047
2.625562260528934,2.0560018784694014
-0.38886123618626184,-1.5033457209176142
0.8439568883437572,0.36797715430986827
-0.10378990930916616,0.05758298545521855
-0.06699861731504982,0.5146649085539493
-0.4147934119586009,0.06629962744747225
-0.3125053527591801,0.6799959029278855
0.12658040324211348,1.0794689054389202
1.8824933578072292,1.0372783758921063
0.5222079157977217,0.20232393670543486
0.4938154481496538,-0.1553027363293187
0.08121759839494046,-0.4586218327006638
-1.4338205019203925,-0.8464898941100174
-1.2004518590855882,-0.9773815261915436
1.2862397107544725,1.0659999399645055
1.4248485125957746,1.3740280842600263
0.824971649838854,0.7306936419768961
0.855296855187494,1.0665483609873656
-0.8409159303516885,-0.370218289587378
1.2539024790367792,1.5439489261910788
1.8979020523544607,0.2514239523539811
0.2337633562176993,-0.013931801608631333
0.4543412311242946,-0.388054862864782
1.405468653606576,0.45620884492292924
0.19398903591027236,-1.6392130080128413
-0.6629149683124118,-1.211261867938179
-0.34332436706253666,-0.29258407680759246
-0.11176446231519349,-0.7973198085585564
-0.23732170111924647,-0.97938941790571
-1.0394444257905697,-0.16248482123912542
-1.2823516907371546,-1.156699392774448
0.9131166758231054,1.0833837521508418
1.4912416829422852,2.0910138754629255
1.3567998694224754,0.70704128808558
0.6321631190013262,1.3422119884133394
-2.281765773626573,-1.2403630515223736
-0.6743269953694945,-0.8176319130325953
0.43909624688042204,0.2524033678092852
2.60558157725983,2.5797609754568134
0.4619605976034304,0.054961503142892464
0.7750297896672891,0.15529624303881975
-1.0892528731021773,0.037804326402981654
0.7628730035992626,1.1377329888282341
-1.0359074388990315,-0.28359800899391735
-1.6117669988056174,-1.3441573860986171
0.7638475615421592,0.9097179578364355
-1.5037489445886576,-2.1615128583049494
-1.286584703797753,-1.2205952062914607
-0.15479701529392448,1.064023696244555
1.1414702672993933,0.6647132646183231
-0.9990153960816415,-1.089830578410414
0.2848188338827139,0.2542700480494153
1.1739843704243598,0.5016498881144248
-1.3229476253840216,-1.2195181119174723
-0.3761849984478556,-0.957771091376031
-0.11992333469378234,0.3632942561885412
-0.9952988840517941,-0.989322121043442
-0.5103268746051464,-1.0882764050240006
0.9768089700677053,0.7510069869257814
-1.571447214901386,-1.2343967708142796
-0.43026581965831956,-0.2428652300629666
0.575403811416137,0.35802006470148573
0.08507335174861543,-1.231093499501267
0.8207307825103876,-0.4205049102566801
0.062310638984535975,0.21347327402639818
1.1611040966610415,1.2516228137619427
-0.8180863492031566,-0.3769031135063026
0.15873844280961535,-1.1594732274450334
-1.0251210068723813,-0.36995386824597387
-1.1205610708954141,0.346001418473115
0.5025252059945555,-0.2739614409675912
-0.022916776480005962,-0.020728230868326845
0.4880730885795681,1.6990772808177386
-0.19178798365660554,0.3634622662710688
-0.8217987888864476,-0.42120349885449937
-0.37895694839166855,-0.9136693351386872
-0.7300970294481537,-1.290703020668473
0.4171045126114252,0.8669026358968285
0.19756528867367631,-0.2548013109140795
-1.5630629296427827,-1.1937569919484485
-0.23396626633772413,-0.031460675283605195
-0.20679265349892584,-0.20546010561914116
1.0551048237689318,1.5863631760671224
-1.0756259306067568,-1.2709607895783352
-0.21830058058867688,-1.0813520182108682
-1.0877474785185774,-0.5276052343287324
0.13309909136398465,0.1524174546437814
0.6549150718863856,-0.8451741641708062
1.6881624791465657,1.6667573372763873
-2.1726146607637666,-1.9754178712929635
-0.6220254702430704,0.6232621240810551
1.7470353892989852,2.3029635269002657
-0.2606143215844119,-1.0830995483844599
0.15763692664764298,0.8433679215912896
-0.8524092752756717,-0.9667919529688398
0.7553613112893482,1.5022129802497275
1.9329666606481273,1.5731211603583508
1.2138328682775403,1.8497905607248817
1.0602002348497808,0.6928472005509134
1.3642292939953105,0.9401461529698137
-0.6473050604523626,-0.531900271768221
-0.7103145247416905,-0.8814738932844018
1.1935027834213268,0.6660878333597923
-1.3881032605205703,-0.8332708551984795
0.22668553410275066,0.569486571336353
-1.2620627936778896,-1.3670147204896619
0.46770669969460327,1.0026587699332274
0.9940072821644945,0.6493816892524621
-0.11607813554246313,0.4955304372339984
-1.0747353851421027,-1.6937817737179635
1.9574853673997479,2.2934438225681446
1.0438254248443628,1.9054069256169053
1.1962920682836324,1.2749547671914156
-1.2690595004551029,-1.5846181208443728
1.4130105708991938,0.8084246940333365
-0.7037024248642096,-1.6630991560919515
0.5940638116978485,0.2948359498886867
-1.9106429117396426,-2.0064824962886356
-0.09883816972712386,-0.31889070978882306
0.1129392282157517,0.33068165719436127
0.909912274457473,1.4272580235097243
-0.12460492775111194,-0.640361929142032
0.6295277067534768,1.2311804270773763
-1.9635522474686613,-1.9956753846257282
0.502736378668731,-0.23447181932809594
0.6379617507514462,0.3616797287086338
0.39135867744355224,-0.38960304776073673
-0.44721099177733953,-1.0912985267184703
0.7163138352629,-0.17995618810968084
1.2034731708443125,0.7096094520413374
-0.41113651408420077,0.3770619562038336
0.415857287677415,-0.27115071090615095
0.13111157437665613,-0.7045660081765925
-0.23263228877064537,0.1224211667644886
0.8484548848393906,1.4131545525792855
-0.5316180713055219,-0.42273771008351896
-1.7639181732510028,-0.8864728441434165
-1.411441509182897,-0.24899037761847506
-0.5265423206159137,-0.9077182266680106
-1.0161030279533,-1.5967655931968863
1.325926842224717,1.5781514834693071
-0.5258546661282795,-0.6208716573164612
0.5739794568639903,0.09778320266856531
-0.11198125942800588,0.3479822098332847
-0.09284337081314664,-1.0734861511149538
-0.8444361863725016,-0.7840218250095556
-0.2845114444607689,0.0017489206706427858
-1.18427601670992,-2.0051518493425635
-0.9724422718926943,-1.8700681929240082
-0.08814120395667475,-0.3283312972063158
-1.3648871357643666,-0.9397063982430269
1.51192975511746,1.2511495051268124
0.44975953442388156,0.7748835490455163
-0.03418611276828713,0.7189571439490172
-0.5209369673100483,-0.619533955992346
-0.4455723000842883,-0.3621107172141374
-0.5818236317162702,0.10034064544398218
-1.8166107414955852,-0.5709996702869762
-0.3024376928544034,-0.5742090954144338
0.42389737379210857,0.6534037504649246
0.2595412860788652,0.5574785269640673
-0.4787915272337846,-0.26726000966644525
0.4622378153865938,0.503740658848393
-1.211179722100048,-1.0315299642968472
0.48233286548828214,0.38454259582660516
0.7804644043077439,-1.004707703500029
0.3142429869678638,0.10103321104278902
1.4966841505405157,1.1755251364910695
0.3375968949261502,0.1014108698177032
1.090919875627457,0.6747963900525219
-0.186209650110716,0.17429998671686683
1.3210189021176566,0.8514347676299125
-0.7175699370727499,-1.4668286734955165
0.4591343832646777,1.5679530751067121
0.6444586779748859,1.1034354674811917
0.07742874845088311,0.1569481369208577
1.1316152707771516,0.49242761636905175
1.567910909340097,0.621890104072726
0.38646346573019963,0.32909720920002156
0.029421013394930074,0.6972971044367584
1.6813574851866886,0.7280286011556103
-0.9142954448427942,-1.2769601945503375
-0.5142741980785638,-0.255138136016054
-0.038466888102651586,-0.4164512576752926
0.5491077150416122,0.13482183854673027
0.21658551576562945,0.17857290816134516
-0.8994423690852129,-0.1824348137041402
0.04256047672342144,0.5129917779480381
-0.15597222088698717,0.6726510731322783
-0.22955427470635642,0.47426201914788296
-0.6965031158055435,-1.4087900999478424
-0.7978507437016542,-0.37386595932582123
1.4492857966268529,1.6122773006394286
1.4646821117534279,0.9607850454717236
-1.5859249963226694,-1.3884513025454732
0.7339444843766987,0.5648658387106135
0.9701171591253862,1.359060642664424
-0.5163700529158467,0.3703762907392623
0.12712491247739524,0.1667378050689059
1.273789781121722,0.34306978164906543
-1.5475682016463976,-2.416065524851231
-0.2416644650121639,0.1703339880962223
-0.84666602898822,0.01171726478186725
-0.3540056893022751,-0.4099291642386261
-0.0016940884763199102,-0.37546288862255656
-0.371400900341994,-0.14122244243312054
-1.2961767249763134,-1.3180488968051387
-0.12313375972230296,-0.10899255315202741
1.4035177233544616,1.6805332727233941
-0.4364307942417106,-1.1971109731988885
-0.7851219193862394,-0.29325256476074724
-0.8078650410411209,-0.12168855532577866
-0.4783627833833653,-1.1061083987844147
0.06986807985241618,0.003447006423709539
-0.0560884967937107,-0.9192100367976899
-1.175712337517801,-0.531798187414433
-0.09443886700738068,-0.09335979235309783
1.022569984875302,1.837365187626007
-0.4681182057242176,0.4808347906805915
0.9260865898291251,0.0636329247334957
-0.8988215967413604,-1.5047072370003396
-1.1082707946431296,-1.5067897095093228
0.5505132462218678,1.2771379049931808
0.489808781548492,0.40147785290676197
1.7661954360541408,1.5703851512537306
0.9232443579607172,0.6676682006236492
0.40872099035629567,-0.5021939400955576
-1.927819413924861,-2.4135755359087074
-0.6789074058916407,0.09253391503435705
0.5994464048345894,0.35958218660563124
-0.719645623490185,-0.22098628339753448
0.028704966706868507,1.1648912308137582
0.8544658698270072,0.7096876499055484
-1.1084710017230635,-1.387272059574249
1.7878266230558908,2.3637916549159765
0.31171424437996514,0.01758552718983658
0.382762006906578,0.8559373992945332
0.3894876451493687,1.0846882376371982
0.21202048173648552,0.1434569977180871
0.19677303629016304,0.06789221995943492
-0.6504501246727452,-1.0832055097385151
-1.8986948935503698,-1.923940998033587
-0.6348589266063079,0.12438979776120826
-1.0581306435521969,-0.7146879543579033
1.8214328058995042,2.7022213220565647
-0.42538252192032855,0.36727232725365283
-1.2903404339091995,-0.08255134227087761
-0.14227512037845155,-0.10689046884202047
-0.49264317837637817,-0.2811068373895751
0.8010027212072015,0.45763013390866697
0.5999006823212238,0.26943033629962565
-0.7923867854938201,-0.13062931446228052
1.6411119011369315,1.311214335916175
-0.4412431987218032,0.606188426991555
0.32820224316439983,-0.2942184905222576
-1.1959205249580205,-2.0306901145583836
2.6735291125651948,2.049458367503335
0.9132937264605046,1.4211681211808
-1.933388194734811,-1.7286960698927945
0.1093896629884375,-1.305158410114426
1.39630855923822,1.0517763364701722
1.492362616326219,1.6719629502825168
-0.6944703191743883,0.022533494291118932
1.4532716494993294,2.121202562546717
0.5142132598803076,0.2533340595794883
-1.0106580793221707,-1.0453805248952928
-0.3793041795631151,-0.7654235718757175
-0.7883347493974666,-0.7263690500953566
-0.8508236048367589,-0.057988495383851466
-0.017855332306800302,-0.4123258353080197
1.3176216224879955,1.6807971623790345
0.04216805479833518,0.4549270014494717
0.13720650578326218,0.4553738892309063
0.30417521938846304,0.09968966412251769
-2.6340209744667042,-2.109382852078784
-1.043570836440786,-0.7360560316159885
-0.8267012948174237,-1.08257051332212
1.3326213851696096,0.44868704624806516
0.5996009448457064,1.3167344988981826
-1.4927434035469134,-1.459195871444157
0.6265168749238083,0.5859002100221044
0.7542392707495926,0.39397938245880804
0.9944390475801395,0.4960933286016452
-0.508224670926311,-1.7456085340308178
-1.025904585327712,-1.5280252730629953
-1.6159713889768812,-1.0366948619367908
1.1121831009467993,-0.4760125692441688
1.4217238197330597,1.3382677943781232
0.16201751658320312,0.04575146253733701
0.28435251524323524,0.3707596771178223
1.1654500440330988,0.9296816556480272
0.21824609810571827,1.2311780131364929
0.7164873293355579,-0.07991020956452227
-0.18309606512465174,-0.11527112095799702
-1.8356298082086682,-0.8664374278158021
-0.6792684218211668,-0.9386203824048709
-2.4376878417414316,-0.7677708642882995
0.6703230246936035,0.4099924976281595
-0.32862733923985177,-0.2694387192065267
1.5894248668833781,1.2710513575789613
-1.0543487702454217,-0.6490687199297677
-0.6328492377085426,-0.9355246483301218
1.4456166827494705,1.2816160227406674
1.249566475006492,1.0388218336771189
-0.697126920225616,-1.0407151145633153
1.080312701455518,0.7062886406726525
0.6373212544394983,0.6267576184014806
-0.9965845632530859,-1.0943029193073548
-2.9207255921365807,-2.040231920089991
-0.14916602641622323,0.012373810062341997
-0.2726732618404595,-0.31310236212206355
-0.9677838408551414,-0.16218267859469715
1.0678240109525523,0.6707987844393061
-1.8699297841930496,-0.9531184576022785
1.550450970544182,2.0190925254412972
0.36912528950462065,-0.06424224956087848
-0.14433848433203822,0.025680642210959687
-0.2433545253333861,0.039490222377455635
0.8306473291105859,-0.3416923342834452
0.2866074856976734,1.2055845310970421
0.5750723454690714,-0.5630190756883713
1.0748845065727992,1.1883317635279955
0.9893964686778072,1.236051449518952
-1.9451013732935287,-1.344764604441769
-0.2457708699927429,1.1775305024806113
1.2298230998480884,-0.1582189441578552
0.2423691435915239,0.5492047924471356
-0.5376073915995492,-0.6985166899000416
0.016319039005076027,0.3319014944746328
-0.713494887497095,-0.5603273146583123
1.6563961900450521,1.4179160862384936
-0.2597083586854664,-0.19891940670348857
-0.11925193400221236,-0.20219185199508413
0.9666301323643606,1.2432004465486195
1.4193657657777343,1.4913360657344368
-1.4141804385693164,-0.30065028962755685
-0.05881878410271988,1.0734491601378557
-1.9511813528368642,-1.5630048976804554
-1.5211953242108172,-1.9874921189573114
0.15937999519732557,1.416469328481769
2.0128357128085077,1.5028740492078727
1.1055192316197189,-1.212330024760059
0.19291705643585463,0.19477965441507125
0.05843636857292767,-0.012730453455888703
0.17902144709544154,0.8710585079077038
-0.9599892822945196,-0.9855214430868666
1.066259729957473,1.5954261485228813
1.2155722557204398,0.7425530180026017
-0.6176008695634496,0.015383495907505705
0.2118679868976045,1.196164860502255
-1.4404861644853983,-1.5450648376790272
1.10031560018341,0.641611517407552
0.9244613313703565,0.5725026720641749
-1.0621896796025287,-0.25051754546557703
-1.0324061287695525,-1.8851964299024069
0.43754080404662643,0.04121441565830166
-1.1533909921797951,-2.3281964462201854
2.0896200879309013,1.7949534539933316
0.7795633971748392,1.1094783598121065
-1.0979305011935667,0.030579169669425824
1.132945866476894,1.1115266804522776
1.0698043572303422,0.7955589597755864
-0.08957097923395135,0.5326979711429285
-0.29349231650183294,0.6668877220163956
0.48420159316007993,1.1869337572966123
-0.34933514115870573,-0.8542636745422737
-1.122427623793915,-0.44494066820027567
0.5893864669114036,0.915270350199677
0.4502819670312761,0.6562601095815415
0.21985744276177244,0.0749395151371546
1.063920144322364,0.8839467477138662
0.39572533676465776,1.0999609968787483
-0.7139328290849686,-0.03155846456034697
-1.088285413285094,-1.3359361453253207
-0.8494342224278717,-1.8109110716596217
0.10265041966274244,-0.8594522620235864
0.025470006391015192,0.18125067701156555
-0.3887422595328977,0.20443558540751902
-1.0301376554967394,-0.8410347998759535
-0.292974493902003,0.7071115675396635
-1.1917390070339005,-0.6135764310116733
-0.5677531232646098,-0.7644040275082749
-0.7146208260991198,-0.9133846575996587
0.8742294061448339,0.4402605271492425
-0.07986540052722522,-0.3264825693565959
-0.46158449801764073,0.4499348434419071
-1.289416925285463,-1.2315554240328326
0.6503469999832444,-0.5775338697343463
1.0593707957989627,0.5638317687627165
0.4474171344974161,-0.37089204764134526
-0.21940034859094007,0.1984706989037246
-0.0648266769415797,0.168960819255977
0.7296665637582764,0.5152325784497023
-1.037884704795267,0.24211766710462612
-1.224051299850445,-1.0795085488697076
0.677856586549045,0.7268626233387843
-1.9505579322659428,-2.1322871336019484
0.0773158522635361,0.7046043894919974
-0.8859834196142367,-0.8843782148472247
-1.2576260395410799,-0.05346245733538701
1.6547393073828705,1.165728007062591
-2.1151335478354483,-1.500990796692378
-0.30504261714895536,-0.15562361414673778
1.366942292387857,-0.4575124138613755
-0.18668164644945898,-1.0466903749547123
-0.06005241306568701,-1.3099053111533159
1.1275326077224241,0.08775991235199143
-1.3254026956391642,-0.6257366228808606
-0.7523889036350101,-1.0320624258959208
-1.1832308134809821,-0.919499495969448
0.9364496879544286,0.364820996542856
0.17333340809971604,0.3249584544826102
1.8699212938893115,0.7891484960736348
1.2572935597245405,-0.2425551136038204
-0.6019852108435576,-0.8240654633929233
-0.1923024704666472,-0.2713833760249266
-0.23947288499153907,-0.166129101311448
-0.21855674540407244,-0.5604141638916702
0.5870285642529153,0.1284532040270959
-1.234014839432941,-1.0511810006574078
1.573124986731424,1.6481812240599292
-0.9868461187863778,-0.45038780277315466
-0.4947724256953094,-1.0180149581500875
-2.070963640358919,-1.5063428586590975
0.5579951894140134,0.09801577473194616
0.6368373401068792,0.525707772417245
1.3055542027847733,1.3074130418912617
0.576241738719217,0.04561704784803698
-0.4205617989587835,0.6022642696930479
1.137925765143568,0.9369130320467738
-0.08772486535049542,-0.2821186517964814
0.49660552870925995,-0.4191607976145048
1.116878084616388,1.4061977631483717
1.1787862037017312,1.5364293207079731
-0.3583684476753917,-1.1064066985159262
-0.6219411590072277,-1.169839212100339
1.51262626131658,-0.48657926821961417
-1.4755596592620455,-1.1549735691960044
0.33601012460167645,0.26746193993757705
0.33304549092382774,0.0956642760470161
0.3243667095230788,0.5330167830410997
-1.2842534496618556,-0.6486657324412805
0.7190312865479229,0.17195276786466462
-2.0057086552234287,-1.2786787545747746
-0.6148492136485558,-0.0025374943615112107
-0.987360040377433,-0.7653973329434127
-1.613451525682639,-1.5942144472645887
0.43038239771109216,0.7669549450014599
-0.9004645924033187,-0.9669312392922168
0.8760499564179961,0.9795466403615217
0.18464778122323913,0.7018721439887823
-0.09136991844228305,-0.08955860218534471
-0.8259061296749426,-0.606463117500613
0.42660360488221993,0.7973145636052623
0.9202417412820679,-0.5650794474625662
0.3546058103496896,0.8204556301754422
0.7484330865761226,0.1323868214069325
0.7285881938421973,1.2386337619734886
0.828364060125607,0.060361053073399465
0.1194310311087117,-0.29570300834473817
0.26647304011425704,0.49081538096439936
2.145276249747704,2.2334875356063617
0.20633638668859816,0.16955782544422568
-0.32622230981655137,-0.22920774744139144
0.8746436975562696,0.3987305066913229
0.4159291743208532,0.9693744681206793
2.311777131803745,1.0482052046067332
0.9682990775235656,-0.31021371937798886
0.0075437212200911,0.0744618220727622
-1.484488682248102,-1.2307662463118103
1.2915952331504925,1.4118052164242187
-0.30442393206967616,0.6001435517451207
0.17455280598881942,-0.11778023974214233
0.20669773624240545,0.2610482656214108
-0.5188371272175407,-0.049005146359876434
-1.042856497401391,-0.8556149522613136
0.9193586532197858,0.8815470676053931
-0.22935887539698355,-1.1516667198868786
-0.04510258932393698,0.06762816882476923
0.21744239485485023,0.1615693798248537
0.2574859933727841,-0.7436915952490397
0.6537985775981626,0.740179135602732
-0.2953840709527363,-0.9883015318651042
1.1793122101733196,0.5003265792416479
1.646610332137136,0.6420781420537872
0.26560071975345917,0.590999201825131
1.053926879208912,0.9013004079006363
-1.098257383492502,-0.5266732076732416
1.8237533899421419,0.8637881320251439
1.1847046116160136,1.300166618190361
0.4868740097068289,0.3207484429862457
-0.8041777524256354,0.10707078539851396
0.5613743564881494,0.030135440071216404
0.13733816165947185,0.5652218894753414
-1.086512230921595,-0.33039849130657795
0.0162818479418004,-0.4003505272568999
1.1837637241687204,0.5200529688210861
0.7732405249824154,0.6494370841691187
-1.8598726059819604,-1.986503554326405
-2.363495195177062,-0.7068813178935232
1.138931717570641,0.987643078236454
-0.5153676470734538,-0.3191644095933061
-2.2765336901033453,-1.7961357765897428
0.17363985465324774,0.34513426256009005
1.0154546092341878,1.4672548300338961
1.3525021659072551,0.13987524524121028
0.5279434509542397,0.9822073168376148
0.3500707850133089,1.2186287001015068
-0.6017007073492044,-0.8660182186016349
1.0842480149480604,1.9347985768355132
2.2183929457791636,2.1151220963204036
0.36886327365302785,-0.3141052302978861
-1.220301932469002,-1.0631722509852084
-1.3449840932942194,-1.826581109002096
-1.0451582496122307,-0.4389305543899921
-0.35716612531675723,0.7966273780211061
0.19798874240345582,-0.14916038444281285
-1.563495596794589,-1.6822501937430925
1.4794302316981764,2.1109639832029936
0.7225405794926935,-0.11701373865660565
-0.6286147875700981,-1.0993223737363127
-1.3242556434755675,-1.2388832426660872
-0.14223254203853508,-1.5326182165304643
-0.22916204158790365,0.33097698404052694
-0.7006696781189977,-0.13281337844736282
-1.4782332396935134,-2.2751546883205953
1.0572389667413828,1.0403817400902349
-0.06544250940201836,-0.6449511429115683
0.874171307359361,0.41666969651260066
0.08144886399898969,-1.3309046441644832
-0.6567965387460861,-0.7465907871682798
0.1310297756174266,-0.8645584906789233
-0.7648995553191222,-0.5365497509139696
-1.1763183760284404,-0.4250806310846366
1.0062137950510095,0.5803850196683141
-0.2026352779532758,-0.9224210578220098
-0.7709414821390194,-1.498502704097772
-2.172113401512635,-0.9166102949387307
0.6579559676292291,0.6877803490493838
0.4824330160478557,1.3228369189601514
-1.1262105969982077,-0.8307208582591152
-0.8874212039497421,-0.49194453722341913
-0.713024801776703,-0.2006618067436941
0.31069420859522595,0.7208537552465207
2.162890809243387,1.8805801005822798
-1.1114618503632236,-0.1988914683133525
-0.7496215999687212,-0.6410723731425743
-0.302015580795651,-0.4975334641025474
1.6726949157423494,1.6641025220158052
-0.14206257582832701,-0.22811149250349008
-0.34907032373723546,-0.6487127838609811
-1.7605289411167397,-1.2197736801213348
0.7995359490217503,0.4551178220842143
0.3149039654367515,0.9328288883901946
-0.6548283498135447,-0.9958588467974434
0.6607214291227728,0.10366126894845834
-0.2796268200255122,-0.4217913560122104
-0.48784796270241004,-0.1026686241580218
-0.7461808056698948,-0.7602967100671769
-0.3976053567093904,-0.9427331042705733
1.4941763537843393,2.131756404472349
-0.8793732366693277,-0.6641657053210729
0.19156333706505332,0.37591450868923304
1.0361560330344641,1.071883378767428
-1.1494374581138618,-0.3845732799525713
0.43903293590010056,0.5823504053500527
1.6560303838292416,-0.10285592545006493
-0.5658637607914642,-0.8032183040956381
-1.9793006979220575,-2.281551612725214
-0.4973827469337079,-0.836771880971152
-0.2434990369387835,0.6430697056011797
-0.22092950656951701,0.27738988887433635
-0.1868225436648697,-0.004762003465873655
-0.54402279477835,-0.8261545971523876
1.1862447584615605,0.7258233210070382
-0.35494104409946703,-0.20537534055345213
-2.6701341249596755,-3.029721342075122
-2.3440929838240065,-1.9119082917759809
-0.6069591256946051,-1.1617775153671313
0.8934673589012577,0.7403568245888622
1.0288017479687817,0.07177809580610156
-0.3986398666553289,0.38710386650858714
-0.19231985106843733,-0.6488939807489916
0.2525164900780484,0.1865389819184817
0.8685870666635651,1.7076174108025728
-1.126226728297457,-1.398414685592675
0.4895590807895263,0.8452436658003247
-0.4172274775370577,-1.357764299254938
-0.572473638140727,-0.6419386904468645
-0.31901120984502945,0.45569744953159136
-1.5069283853853115,-0.677008278021793
-0.8762820953549013,-0.9775777291448796
-0.4323628210492112,-0.7054396252619944
0.7148016897062022,0.15233780561442875
-1.584132364066095,-1.4363284762248658
1.1041235275938517,1.591737262490916
-0.1202419880115892,-0.34466352433960107
0.8496786093776331,0.5879424835697937
-1.0960815592668909,-1.0682305748075727
-0.266638180781215,-0.13546608819445408
0.15031037720505686,0.4577322903106104
-0.22425179076199292,-0.0066247347945248515
0.32040975255521853,0.18061212482883773
0.9225780100949249,0.6675791155446256
1.3989383933508817,0.8970907178019413
-1.128748813849553,-0.23776071648296498
-1.1693820140684152,-0.4319772579177569
0.22665248337371346,0.10450686626469596
-0.010372670222015433,1.096069523334132
-0.38446749803444913,-0.11295729920793389
0.8324026681336409,1.462582905757914
0.8657304824594969,0.889204992124437
-0.2305366966499231,-0.16448828606529795
1.946167933948627,1.5177410803398321
0.12943905765944777,0.5446152940831666
-1.8406077501037634,0.36005378491829493
-0.6145804392648677,0.17167375852707445
-0.45652601091192463,-0.19245004552540954
1.0327225115078214,1.6470595000807597
-0.681650640950276,-0.7593319233311429
0.04072726677986026,-0.293007933909513
0.5892790945336844,0.3476231651149496
2.1561886792760125,1.3742464197252346
-0.6505551076348679,-0.42609174982610765
-1.2277309350030725,-1.3188458951115678
1.19725014659341,1.6830953492428165
0.7242204710675946,0.6542697625534891
-0.30299354904661835,0.5017921219677676
0.436346813740728,-0.3386980961763882
-0.6877056276069267,-0.3374875914383151
-0.008016269902945752,-0.24101462086699177
0.2014668665420008,0.14129281895541618
-0.914747667581204,-0.5707063171557477
-0.7086723497299589,-0.27880065361791095
0.28410616144108286,-0.36338428635313963
-0.5928217117665978,-0.8931949009800156
2.5569482698574184,1.905724808315953
-0.6284446507158,0.2825104997982748
-1.2409287054874776,-1.295804571796017
-1.1114726172251863,-1.5277978317500343
1.8783680725646081,2.5746465374133765
1.2760208936814261,0.38343802955249234
1.4733205098890687,2.5786528947148892
0.4673001131052558,1.3462196372135506
0.17001458854841595,-0.6921598899899964
-0.4042171750693679,-0.6377020242153948
-2.061002051784342,-2.0200373652846033
-0.44401819082623706,-0.11072561083127638
1.1098832892342732,1.576876514769218
0.24794893890650457,0.4754815339461021
1.7990079218536148,0.8849851907003976
-0.15420709324232562,0.2494706301242226
-1.842181015080449,-2.700991284070424
-0.6785464193416683,-0.14416775643322235
1.7577389677680129,0.7870718887886831
0.4772971594810647,0.14764092457575245
-0.34186001948212114,0.5279609864628605
-0.09048687786888951,0.8914377201985051
-0.1519757454637874,0.6401312307998971
-0.6216950906555966,-0.4620396746565209
-0.017907538733315038,-0.5584056887214277
1.5890149172425054,0.5738124707009066
0.8845477240395727,-0.7744916721246862
2.6034337240704937,1.7998595086073306
1.8292549046342046,1.74657272703261
0.8406503397831194,-0.6297850902254906
0.7732389289879472,0.11324615468941585
-0.13192042415498698,0.47051046686435627
-1.035348249932079,-1.569292030384206
-1.10149938854301,0.11808649163474313
1.4685246970319117,1.9296629315023492
0.7099449952755875,0.624133532866192
-0.9968352227308508,-1.0696748711485808
0.4446651279894186,1.3480491245362738
1.3754200146302948,0.8500290697945715
0.3915940457214145,-0.3721143171760619
-0.9264819458088424,-0.6190428889920417
0.1273199888285902,0.26197208229662555
2.162468990802075,2.5371791916961164
-1.1105035983111862,-0.9520603809606413
0.256404258289439,-1.3047248400197333
-0.21589486993538898,-0.2189649599121324
-1.0010024479825446,-1.4564832711638955
0.27756848077485674,-0.2768676852579116
0.0646854658758877,0.2293523701027932
-0.10225889083537792,0.017087756882636685
-0.19679188696283423,0.2680476170466349
-1.0980353752439884,-0.11764165694529624
1.662254103085473,1.7034471842370698
0.5797150248032832,0.7172377282942408
-0.13213172572188528,-0.5668556396823454
-0.24257049085766627,-0.3215159181699419
0.09951670654079034,-0.7109805602576691
0.25022630605345975,0.7394905625793176
1.8067271842413208,1.613390155208638
-0.7202044542991575,0.35459687280717883
-0.19935673365441833,0.05346991374520728
-0.05919955881118687,-0.26894598456312013
-0.37895923474253496,-0.16084827902203666
0.3520860111620766,0.6585181795506431
-0.6011459239107019,0.3958258053573547
1.7322007242287294,1.434171871764076
-0.620274522903125,0.27251705993181735
0.7075404490850756,-0.10081515851242152
0.6506289107692411,0.13789705343111794
-0.02036318289062398,0.32180145857826387
0.15518086375550208,0.3618645022369649
1.3613732482810321,0.8115813066655287
-1.4266372234373503,-1.6755927330140568
1.591190624862199,1.528932134509303
-1.3495240270125175,-2.292833559072639
-0.10574444894277382,0.13184110465802587
-1.1168138132147436,-0.8533765063831911
-0.21882290649658195,-0.11114037900812829
0.4827502593593323,-0.10202848711701536
0.14718712542484474,0.12701697902447848
1.2901986464016435,1.1369355924836
0.5925856831196575,0.4498009977728947
1.078749156778989,1.1143458894535716
0.9666395100920798,0.804496918786659
-0.8036592174010634,-0.6952143741945053
0.8886929237661773,0.1503874053557082
-0.28187071093026994,-0.2777291936108267
-0.6667582796999882,-0.5814924069344016
-1.1380311809646737,0.043340048358210995
-1.2460494666512596,-0.1032866106181067
-0.9959408395254938,-1.7562083863920308
-0.005504115827375718,-0.13923717226639049
-0.3330447013703851,-0.7853670278196208
-1.0620274786595179,0.5586279529873653
2.0199893018752526,2.5135238665911666
-0.6616324431183133,-0.5095778934583222
0.06683384901089907,0.3863753980185455
1.1629798747393942,1.5446769936593383
-1.2051211764640164,-0.061007413368764425
1.3110947916125757,1.8048973139311333
-1.0431071737138917,-0.19583272051156853
-0.5138585175165599,-0.3317714459383732
-1.5239484239415346,-1.1337059573984312
-0.5376003790495559,-0.7723418706293278
0.7992512509660517,1.0367454867500436
-0.5633220388082846,-0.8801598863764079
0.47593228089892065,0.12109516850853716
1.7049674846800762,2.557858548335208
0.826487401249075,0.8736689742400368
-0.5049214504284243,-0.2917856944666126
-0.48053076518384086,-0.3530696535701315
-0.20017595753111594,-0.3401618837402273
0.945924708890004,0.8341039113436484
0.746574766483619,1.6107230770845873
-0.6625421493322313,-1.2420492444318678
1.823604279462831,1.8330634693695793
-0.7394573883091891,0.17412336630399697
1.1840782832573762,0.996160168186474
0.8444546142811484,-0.1709862467709681
-0.03065187237126564,-0.3419467560839586
0.5478071935849931,0.8217123361539775
1.5524038909799498,1.2069857463979998
0.23487045385743285,-0.05128889552151965
-2.617846653967364,-2.0765178885969844
0.029183127593277052,-0.8356003809583707
-1.175018516149745,-1.1453684141459137
-1.351160139559423,-0.5773727312859549
0.5675115531561626,1.2584901901705097
-0.32996446787892786,-0.09803051134046079
-0.2961754382462962,0.03843459626041369
-0.8406340730678369,-0.6689904662449646
-0.5959601840745241,-0.8894234593403892
0.11083377137108065,0.256851184000987
-0.1924626991679651,-0.7460214380064737
0.8982066686044534,1.2175795726907508
0.7180823286985091,1.1096418839302276
0.27096002438610156,0.4397816642746066
0.5752547462321048,0.46338946719607965
0.9588969575850057,0.8065125965025585
-0.35513273883815016,-0.752037498803806
-0.04317389856375074,-0.4345901515370838
-0.1697650401724104,-0.31842783457471363
0.5892776633566253,0.35616093007628097
-1.6171063643192989,-1.1627098917587846
-0.2103481278088534,-0.333114371347008
-0.7295520286179946,-1.5640214963463086
-0.8752843736455771,-0.8412115774397289
0.12154200034992899,0.5681471338096415
-0.2843252037501666,-0.8232943046776576
-0.1132891468741193,-0.07333817292921534
1.3952566067281311,0.9630146873748049
-0.3009449652778856,-0.4997674461996318
2.021639904320365,1.5408624216387914
0.2710958559508727,1.2906841385171288
-0.13819821426374365,0.7740567283276635
-0.14698500272778925,-0.1975932505247891
0.30838531799798624,-0.5728880346971784
2.2446445021151624,2.248035979270422
-0.6290319835930464,0.13195896551189226
0.029054883927810218,0.09376827525073085
1.2258183893499603,0.1983324621311726
-0.9834999259398767,-1.6187744409549505
-0.48911106729601783,-1.0331920844544389
-0.4584194296164596,-0.23246482751219297
0.7007696088094437,-0.28969998738085656
-1.046082306930622,-0.7709423557723826
-0.10734091041215732,-0.5368358043027766
-1.117321925982476,-0.8013568756330436
